physical_action_id,physical_action_key,source_v2_action_id,source_action_index,source_anchor_rank,surface_id,contact_region_col,physical_stratum_index,normalized_offset_norm,offset_quartile_index,likelihood_role,role_action_index,cell_selection_rank,selection_seed
20638,surface=0|x=0.04500000|y=-0.01775020|angle=-10.56159019|force=1.03614557|ramp_up=0.05948052|hold=0.13545430|ramp_down=0.03472261,A0161,161,,0,0,0,1.3483633995056152,0,training,0,0,2968811710
37016,surface=0|x=0.04500000|y=-0.01726751|angle=36.24773788|force=0.88101470|ramp_up=0.02119903|hold=0.06214137|ramp_down=0.03330650,A0289,289,,0,0,0,1.5506227016448975,0,training,1,1,2968811710
33826,surface=0|x=0.04500000|y=-0.03937751|angle=12.84139061|force=1.04505861|ramp_up=0.05772271|hold=0.07418301|ramp_down=0.02062430,A0264,264,,0,0,0,1.2646328210830688,0,training,2,2,2968811710
38868,surface=0|x=0.04500000|y=-0.02375270|angle=31.68355179|force=0.90511394|ramp_up=0.05549895|hold=0.13877404|ramp_down=0.03530152,A0303,303,,0,0,0,1.882483959197998,1,training,3,0,3831201730
17257,surface=0|x=0.04500000|y=-0.04386269|angle=-6.96867228|force=0.72752601|ramp_up=0.04932999|hold=0.11988939|ramp_down=0.02225278,A0134,134,,0,0,0,1.9463903903961182,1,training,4,1,3831201730
8770,surface=0|x=0.04500000|y=-0.02894461|angle=-25.65145874|force=0.51995575|ramp_up=0.05077791|hold=0.13813218|ramp_down=0.02701926,A0068,68,,0,0,0,2.007111072540283,1,training,5,2,3831201730
1506,surface=0|x=0.04500000|y=-0.01832964|angle=-34.19234467|force=0.53029883|ramp_up=0.04506925|hold=0.13797922|ramp_down=0.02884440,A0011,11,,0,0,0,2.11076021194458,2,training,6,0,2926792190
2906,surface=0|x=0.04500000|y=-0.03769604|angle=-37.62097168|force=0.93434054|ramp_up=0.02223316|hold=0.11311493|ramp_down=0.03099467,A0022,22,,0,0,0,2.338559150695801,2,training,7,1,2926792190
730,surface=0|x=0.04500000|y=-0.04390478|angle=-33.71413422|force=0.52501470|ramp_up=0.02806217|hold=0.12318682|ramp_down=0.03081027,A0005,5,,0,0,0,2.4075491428375244,2,training,8,2,2926792190
14816,surface=0|x=0.04500000|y=-0.02126045|angle=-33.55570602|force=0.61363655|ramp_up=0.04862388|hold=0.05232394|ramp_down=0.03350784,A0115,115,,0,0,0,2.8650245666503906,3,training,9,0,198478470
16092,surface=0|x=0.04500000|y=-0.04303285|angle=-17.16281128|force=0.64059633|ramp_up=0.04428385|hold=0.09536577|ramp_down=0.02486921,A0125,125,,0,0,0,3.3543765544891357,3,training,10,1,198478470
37221,surface=0|x=0.04500000|y=-0.03145008|angle=15.57351685|force=0.85820556|ramp_up=0.04666314|hold=0.11533860|ramp_down=0.02379831,A0290,290,,0,0,0,3.389664888381958,3,training,11,2,198478470
79487,surface=0|x=0.04500000|y=-0.00166254|angle=14.54882908|force=0.80260551|ramp_up=0.05324363|hold=0.09009005|ramp_down=0.02836372,A0620,620,,0,1,1,1.62073814868927,0,training,12,0,3964924996
82711,surface=0|x=0.04500000|y=0.00654921|angle=13.31608582|force=1.03507912|ramp_up=0.05989875|hold=0.12501058|ramp_down=0.03099045,A0646,646,,0,1,1,1.6234283447265625,0,training,13,1,3964924996
68478,surface=0|x=0.04500000|y=0.00716563|angle=-9.82659721|force=1.06484675|ramp_up=0.05740145|hold=0.05620448|ramp_down=0.02507177,A0534,534,,0,1,1,1.0701775550842285,0,training,14,2,3964924996
56778,surface=0|x=0.04500000|y=-0.00845875|angle=-37.58473969|force=0.61964536|ramp_up=0.03771921|hold=0.11672482|ramp_down=0.03671562,A0443,443,,0,1,1,1.976973056793213,1,training,15,0,901243215
61581,surface=0|x=0.04500000|y=0.01464358|angle=-39.28646851|force=1.08926785|ramp_up=0.05181609|hold=0.05425026|ramp_down=0.03654334,A0481,481,,0,1,1,1.8191871643066406,1,training,16,1,901243215
73932,surface=0|x=0.04500000|y=0.00936076|angle=-8.25942039|force=1.09159398|ramp_up=0.03211029|hold=0.06350418|ramp_down=0.03351736,A0577,577,,0,1,1,1.945241093635559,1,training,17,2,901243215
85766,surface=0|x=0.04500000|y=-0.00792270|angle=16.50374794|force=0.94000381|ramp_up=0.02023326|hold=0.14059849|ramp_down=0.02036545,A0670,670,,0,1,1,2.1287636756896973,2,training,18,0,3884055042
65413,surface=0|x=0.04500000|y=0.01193247|angle=-3.55536842|force=0.72911340|ramp_up=0.04044222|hold=0.07783013|ramp_down=0.03875699,A0511,511,,0,1,1,2.107440233230591,2,training,19,1,3884055042
78906,surface=0|x=0.04500000|y=-0.00400702|angle=4.28720808|force=1.00259173|ramp_up=0.02540691|hold=0.14613393|ramp_down=0.02480099,A0616,616,,0,1,1,2.1171951293945312,2,training,20,2,3884055042
70742,surface=0|x=0.04500000|y=0.00801902|angle=-16.06937790|force=0.52897120|ramp_up=0.05701490|hold=0.07437266|ramp_down=0.02803328,A0552,552,,0,1,1,2.568784236907959,3,training,21,0,1680122868
90606,surface=0|x=0.04500000|y=-0.00748979|angle=37.01734924|force=0.64340812|ramp_up=0.04006357|hold=0.12531865|ramp_down=0.03700097,A0707,707,,0,1,1,2.717772960662842,3,training,22,1,1680122868
58004,surface=0|x=0.04500000|y=-0.01060422|angle=-39.70186996|force=0.76030749|ramp_up=0.02367493|hold=0.13487017|ramp_down=0.02353252,A0453,453,,0,1,1,2.6524460315704346,3,training,23,2,1680122868
110329,surface=0|x=0.04500000|y=0.03656674|angle=-30.28492355|force=0.88578135|ramp_up=0.05693030|hold=0.11073900|ramp_down=0.03941562,A0861,861,,0,2,2,1.5858131647109985,0,training,24,0,3141116543
124759,surface=0|x=0.04500000|y=0.01711869|angle=12.49680519|force=0.61369282|ramp_up=0.02371436|hold=0.11009169|ramp_down=0.02771705,A0974,974,,0,2,2,1.5230844020843506,0,training,25,1,3141116543
106744,surface=0|x=0.04500000|y=0.03375556|angle=-30.25032616|force=0.84434223|ramp_up=0.02458874|hold=0.13250247|ramp_down=0.03990653,A0833,833,,0,2,2,0.922877311706543,0,training,26,2,3141116543
116759,surface=0|x=0.04500000|y=0.02728360|angle=-3.30284524|force=1.03432333|ramp_up=0.05654138|hold=0.05525655|ramp_down=0.03064195,A0912,912,,0,2,2,1.9882808923721313,1,training,27,0,1961547765
142149,surface=0|x=0.04500000|y=0.03129272|angle=42.75117493|force=0.78879821|ramp_up=0.05971063|hold=0.08369675|ramp_down=0.03002591,A1110,1110,,0,2,2,1.7104649543762207,1,training,28,1,1961547765
127188,surface=0|x=0.04500000|y=0.01568348|angle=18.00817680|force=0.88356978|ramp_up=0.02401678|hold=0.11817101|ramp_down=0.02584800,A0993,993,,0,2,2,2.018575668334961,1,training,29,2,1961547765
98953,surface=0|x=0.04500000|y=0.01938999|angle=-38.77814484|force=0.55830842|ramp_up=0.05827341|hold=0.14174174|ramp_down=0.02126940,A0773,773,,0,2,2,2.233139753341675,2,training,30,0,1425400168
111026,surface=0|x=0.04500000|y=0.02170583|angle=-7.32321215|force=0.68852413|ramp_up=0.02962378|hold=0.08125391|ramp_down=0.03754001,A0867,867,,0,2,2,2.117076873779297,2,training,31,1,1425400168
130956,surface=0|x=0.04500000|y=0.01790900|angle=12.39817619|force=0.95855910|ramp_up=0.04701297|hold=0.13070533|ramp_down=0.03398950,A1023,1023,,0,2,2,2.28377366065979,2,training,32,2,1425400168
126963,surface=0|x=0.04500000|y=0.03986586|angle=20.20044136|force=0.95697939|ramp_up=0.04312725|hold=0.06306065|ramp_down=0.03775093,A0991,991,,0,2,2,2.771430253982544,3,training,33,0,3842683572
132538,surface=0|x=0.04500000|y=0.04369344|angle=42.02734375|force=0.78211969|ramp_up=0.03643424|hold=0.11184846|ramp_down=0.02839943,A1035,1035,,0,2,2,2.939379930496216,3,training,34,1,3842683572
100277,surface=0|x=0.04500000|y=0.02415277|angle=-36.07614136|force=0.61822993|ramp_up=0.05366591|hold=0.08575206|ramp_down=0.02969503,A0783,783,,0,2,2,2.508078098297119,3,training,35,2,3842683572
176991,surface=1|x=-0.04500000|y=-0.02327563|angle=20.44075966|force=0.81832027|ramp_up=0.05855850|hold=0.13300174|ramp_down=0.02306627,A1382,1382,,1,0,3,1.6123028993606567,0,training,36,0,2613022947
189428,surface=1|x=-0.04500000|y=-0.04075235|angle=38.15895081|force=0.75153309|ramp_up=0.02448722|hold=0.09491240|ramp_down=0.03299155,A1479,1479,,1,0,3,1.4778990745544434,0,training,37,1,2613022947
150713,surface=1|x=-0.04500000|y=-0.03068764|angle=-42.91762924|force=1.05579650|ramp_up=0.04824841|hold=0.07505360|ramp_down=0.03997321,A1177,1177,,1,0,3,1.3604028224945068,0,training,38,2,2613022947
152095,surface=1|x=-0.04500000|y=-0.02714825|angle=-24.30589104|force=0.56484598|ramp_up=0.02795269|hold=0.07214477|ramp_down=0.02818954,A1188,1188,,1,0,3,1.6991773843765259,1,training,39,0,3679268941
160651,surface=1|x=-0.04500000|y=-0.03433839|angle=-22.28616333|force=0.62318444|ramp_up=0.05425538|hold=0.07708751|ramp_down=0.03778208,A1255,1255,,1,0,3,1.8041702508926392,1,training,40,1,3679268941
179916,surface=1|x=-0.04500000|y=-0.04173672|angle=30.02554131|force=0.57200295|ramp_up=0.03164668|hold=0.05537110|ramp_down=0.03172412,A1405,1405,,1,0,3,1.7117727994918823,1,training,41,2,3679268941
167023,surface=1|x=-0.04500000|y=-0.04181557|angle=3.60795045|force=0.76817173|ramp_up=0.03987549|hold=0.10688175|ramp_down=0.02797068,A1304,1304,,1,0,3,2.181607961654663,2,training,42,0,3170341645
159116,surface=1|x=-0.04500000|y=-0.03490199|angle=-12.01260662|force=0.55992448|ramp_up=0.03217533|hold=0.09074293|ramp_down=0.03972116,A1243,1243,,1,0,3,2.1363978385925293,2,training,43,1,3170341645
164387,surface=1|x=-0.04500000|y=-0.02218815|angle=-13.48815823|force=0.83654499|ramp_up=0.05355707|hold=0.05907372|ramp_down=0.02349930,A1284,1284,,1,0,3,2.342820167541504,2,training,44,2,3170341645
191216,surface=1|x=-0.04500000|y=-0.02400654|angle=36.08455276|force=0.54390138|ramp_up=0.04674350|hold=0.11739407|ramp_down=0.03475232,A1493,1493,,1,0,3,2.8673055171966553,3,training,45,0,2997468713
175813,surface=1|x=-0.04500000|y=-0.02503105|angle=29.53231430|force=0.61933702|ramp_up=0.02548117|hold=0.14877898|ramp_down=0.02779333,A1373,1373,,1,0,3,2.666020393371582,3,training,46,1,2997468713
171787,surface=1|x=-0.04500000|y=-0.02503403|angle=13.74042797|force=0.89655715|ramp_up=0.03082935|hold=0.11816509|ramp_down=0.02145164,A1342,1342,,1,0,3,2.790908098220825,3,training,47,2,2997468713
233803,surface=1|x=-0.04500000|y=-0.00779425|angle=27.46525192|force=1.07044268|ramp_up=0.04600830|hold=0.07230033|ramp_down=0.02432238,A1826,1826,,1,1,4,1.4827380180358887,0,training,48,0,1874364848
210247,surface=1|x=-0.04500000|y=0.00268373|angle=-13.13679695|force=1.02234995|ramp_up=0.02146871|hold=0.14048053|ramp_down=0.02522088,A1642,1642,,1,1,4,1.6523247957229614,0,training,49,1,1874364848
202054,surface=1|x=-0.04500000|y=-0.01182485|angle=-33.87400818|force=0.66756767|ramp_up=0.05847680|hold=0.05984059|ramp_down=0.02183181,A1578,1578,,1,1,4,1.5322891473770142,0,training,50,2,1874364848
204741,surface=1|x=-0.04500000|y=0.00762761|angle=-21.94439697|force=0.57072765|ramp_up=0.05473097|hold=0.10389127|ramp_down=0.03565375,A1599,1599,,1,1,4,2.058941125869751,1,training,51,0,2040376534
206930,surface=1|x=-0.04500000|y=0.01473959|angle=-33.05033493|force=1.03224647|ramp_up=0.05420355|hold=0.06291705|ramp_down=0.02571723,A1616,1616,,1,1,4,2.0489277839660645,1,training,52,1,2040376534
224252,surface=1|x=-0.04500000|y=0.00088829|angle=19.42573738|force=0.68851632|ramp_up=0.02841976|hold=0.12263366|ramp_down=0.03444295,A1751,1751,,1,1,4,1.7663817405700684,1,training,53,2,2040376534
233642,surface=1|x=-0.04500000|y=-0.00098117|angle=33.73104858|force=1.03003967|ramp_up=0.03925375|hold=0.09240835|ramp_down=0.02971288,A1825,1825,,1,1,4,2.10015606880188,2,training,54,0,366692492
222807,surface=1|x=-0.04500000|y=-0.00258251|angle=2.51668358|force=0.54786390|ramp_up=0.05616908|hold=0.07234768|ramp_down=0.03399446,A1740,1740,,1,1,4,2.4095866680145264,2,training,55,1,366692492
230362,surface=1|x=-0.04500000|y=-0.01457124|angle=31.88940239|force=0.66924083|ramp_up=0.04841350|hold=0.11427877|ramp_down=0.03276744,A1799,1799,,1,1,4,2.487426519393921,2,training,56,2,366692492
198046,surface=1|x=-0.04500000|y=-0.00861011|angle=-39.68729019|force=1.01783156|ramp_up=0.05039896|hold=0.10279558|ramp_down=0.03925986,A1547,1547,,1,1,4,2.7262914180755615,3,training,57,0,3971982538
239138,surface=1|x=-0.04500000|y=0.01047100|angle=33.77266693|force=0.60319763|ramp_up=0.05288045|hold=0.07196763|ramp_down=0.03236912,A1868,1868,,1,1,4,2.7827606201171875,3,training,58,1,3971982538
223864,surface=1|x=-0.04500000|y=-0.01137577|angle=17.19207001|force=0.99428266|ramp_up=0.02523484|hold=0.06228249|ramp_down=0.03175338,A1748,1748,,1,1,4,2.503955364227295,3,training,59,2,3971982538
288721,surface=1|x=-0.04500000|y=0.03481005|angle=43.31244659|force=1.07801259|ramp_up=0.02162943|hold=0.11306296|ramp_down=0.03786657,A2255,2255,,1,2,5,1.5588334798812866,0,training,60,0,161328693
286949,surface=1|x=-0.04500000|y=0.03459406|angle=43.67474747|force=0.75772995|ramp_up=0.04464564|hold=0.08240052|ramp_down=0.03615298,A2241,2241,,1,2,5,1.0314253568649292,0,training,61,1,161328693
283625,surface=1|x=-0.04500000|y=0.04181336|angle=41.74155426|force=0.62916547|ramp_up=0.02525000|hold=0.06901586|ramp_down=0.03453928,A2215,2215,,1,2,5,1.6440452337265015,0,training,62,2,161328693
249796,surface=1|x=-0.04500000|y=0.03416763|angle=-35.14123917|force=0.65182900|ramp_up=0.03679893|hold=0.08324444|ramp_down=0.03766248,A1951,1951,,1,2,5,1.870041847229004,1,training,63,0,1565899405
276595,surface=1|x=-0.04500000|y=0.03010060|angle=24.66296005|force=0.74750417|ramp_up=0.02236720|hold=0.06437790|ramp_down=0.02790313,A2160,2160,,1,2,5,2.059225082397461,1,training,64,1,1565899405
242159,surface=1|x=-0.04500000|y=0.03062209|angle=-34.24685287|force=0.50674307|ramp_up=0.03240108|hold=0.05891374|ramp_down=0.03745934,A1891,1891,,1,2,5,1.9465183019638062,1,training,65,2,1565899405
258901,surface=1|x=-0.04500000|y=0.03464466|angle=-17.87911797|force=0.86332071|ramp_up=0.03546647|hold=0.09360115|ramp_down=0.02840968,A2022,2022,,1,2,5,2.091864824295044,2,training,66,0,1950057878
242904,surface=1|x=-0.04500000|y=0.04255631|angle=-41.90511703|force=0.61173594|ramp_up=0.03715357|hold=0.09827471|ramp_down=0.03856194,A1897,1897,,1,2,5,2.2926619052886963,2,training,67,1,1950057878
271088,surface=1|x=-0.04500000|y=0.03344615|angle=12.25163555|force=0.69877994|ramp_up=0.05469283|hold=0.12313387|ramp_down=0.03093915,A2117,2117,,1,2,5,2.4653329849243164,2,training,68,2,1950057878
266749,surface=1|x=-0.04500000|y=0.04437873|angle=-7.25482798|force=0.82659996|ramp_up=0.04176431|hold=0.05702144|ramp_down=0.02405399,A2083,2083,,1,2,5,2.7987589836120605,3,training,69,0,3716799053
270095,surface=1|x=-0.04500000|y=0.02922444|angle=17.88854408|force=0.64775735|ramp_up=0.03288919|hold=0.09753023|ramp_down=0.03441151,A2110,2110,,1,2,5,3.0437605381011963,3,training,70,1,3716799053
280403,surface=1|x=-0.04500000|y=0.03333586|angle=44.98502350|force=0.66233224|ramp_up=0.05005210|hold=0.05837857|ramp_down=0.03543304,A2190,2190,,1,2,5,2.8926665782928467,3,training,71,2,3716799053
296822,surface=2|x=-0.03377166|y=0.04500000|angle=-39.17153549|force=1.02943850|ramp_up=0.05837663|hold=0.12061615|ramp_down=0.02897354,A2318,2318,,2,0,6,1.5492182970046997,0,training,72,0,2617721224
303837,surface=2|x=-0.03725131|y=0.04500000|angle=-29.65582657|force=1.02632737|ramp_up=0.05747181|hold=0.07806486|ramp_down=0.03085186,A2373,2373,,2,0,6,1.4654942750930786,0,training,73,1,2617721224
297202,surface=2|x=-0.01745851|y=0.04500000|angle=-38.92157364|force=0.96868771|ramp_up=0.05410940|hold=0.14827734|ramp_down=0.03833833,A2321,2321,,2,0,6,1.5816465616226196,0,training,74,2,2617721224
307370,surface=2|x=-0.03163347|y=0.04500000|angle=-16.18012238|force=0.91223049|ramp_up=0.03857279|hold=0.07174741|ramp_down=0.02419649,A2401,2401,,2,0,6,1.967491626739502,1,training,75,0,1749781631
308503,surface=2|x=-0.02969223|y=0.04500000|angle=-27.43321037|force=0.79062265|ramp_up=0.05380207|hold=0.14463896|ramp_down=0.02947482,A2410,2410,,2,0,6,2.0199882984161377,1,training,76,1,1749781631
303186,surface=2|x=-0.04433609|y=0.04500000|angle=-21.88785553|force=1.08345187|ramp_up=0.04786700|hold=0.12759627|ramp_down=0.02737173,A2368,2368,,2,0,6,2.0151708126068115,1,training,77,2,1749781631
301392,surface=2|x=-0.01915221|y=0.04500000|angle=-34.67583466|force=0.75511044|ramp_up=0.04807547|hold=0.05510790|ramp_down=0.02653924,A2354,2354,,2,0,6,2.464808702468872,2,training,78,0,3670666263
307470,surface=2|x=-0.04023174|y=0.04500000|angle=-21.95684052|force=0.72763389|ramp_up=0.03999943|hold=0.08928047|ramp_down=0.03845202,A2402,2402,,2,0,6,2.2687127590179443,2,training,79,1,3670666263
319254,surface=2|x=-0.02865300|y=0.04500000|angle=14.96008682|force=0.60579890|ramp_up=0.04951487|hold=0.14147671|ramp_down=0.03777358,A2494,2494,,2,0,6,2.16474986076355,2,training,80,2,3670666263
303747,surface=2|x=-0.02202100|y=0.04500000|angle=-23.03663063|force=0.97852355|ramp_up=0.04019412|hold=0.11802077|ramp_down=0.03200436,A2373,2373,,2,0,6,2.623441219329834,3,training,81,0,860803706
310787,surface=2|x=-0.04333727|y=0.04500000|angle=-10.53230286|force=1.04574013|ramp_up=0.03799727|hold=0.12366761|ramp_down=0.03364931,A2428,2428,,2,0,6,3.01495623588562,3,training,82,1,860803706
305999,surface=2|x=-0.02948671|y=0.04500000|angle=-12.09292221|force=0.66904348|ramp_up=0.03922384|hold=0.12585686|ramp_down=0.02545760,A2390,2390,,2,0,6,2.665616035461426,3,training,83,2,860803706
348668,surface=2|x=-0.00521085|y=0.04500000|angle=-28.42576408|force=0.75160497|ramp_up=0.02833336|hold=0.14241043|ramp_down=0.03362471,A2723,2723,,2,1,7,1.209084153175354,0,training,84,0,1369798745
342346,surface=2|x=0.00003581|y=0.04500000|angle=-44.84352493|force=0.90440065|ramp_up=0.03136067|hold=0.13238280|ramp_down=0.02205427,A2674,2674,,2,1,7,1.3304243087768555,0,training,85,1,1369798745
344681,surface=2|x=0.00135289|y=0.04500000|angle=-39.18206406|force=0.97745019|ramp_up=0.04374033|hold=0.12576325|ramp_down=0.02093338,A2692,2692,,2,1,7,1.5381338596343994,0,training,86,2,1369798745
355246,surface=2|x=-0.00909413|y=0.04500000|angle=-9.80603886|force=0.86224264|ramp_up=0.02897681|hold=0.09096798|ramp_down=0.02884601,A2775,2775,,2,1,7,1.7888036966323853,1,training,87,0,663341227
340535,surface=2|x=-0.00354198|y=0.04500000|angle=-39.20814896|force=0.64095777|ramp_up=0.05484736|hold=0.12093663|ramp_down=0.02860652,A2660,2660,,2,1,7,1.8007668256759644,1,training,88,1,663341227
352774,surface=2|x=-0.01216280|y=0.04500000|angle=-8.64931107|force=0.64215505|ramp_up=0.02344357|hold=0.11574217|ramp_down=0.02177841,A2756,2756,,2,1,7,1.6790871620178223,1,training,89,2,663341227
372182,surface=2|x=0.00070431|y=0.04500000|angle=2.38656926|force=1.05732644|ramp_up=0.04765737|hold=0.06968472|ramp_down=0.03793102,A2907,2907,,2,1,7,2.2385590076446533,2,training,90,0,194365079
345347,surface=2|x=-0.00086950|y=0.04500000|angle=-38.84514236|force=1.06616390|ramp_up=0.04291560|hold=0.11281286|ramp_down=0.02450876,A2698,2698,,2,1,7,2.462189197540283,2,training,91,1,194365079
355178,surface=2|x=-0.01037481|y=0.04500000|angle=-19.05506706|force=0.72501034|ramp_up=0.02717019|hold=0.06928879|ramp_down=0.03366650,A2774,2774,,2,1,7,2.2162086963653564,2,training,92,2,194365079
365867,surface=2|x=-0.00607573|y=0.04500000|angle=-9.82864571|force=0.85548973|ramp_up=0.04391369|hold=0.10758199|ramp_down=0.03512237,A2858,2858,,2,1,7,3.083033323287964,3,training,93,0,3237118671
364381,surface=2|x=0.00473392|y=0.04500000|angle=-1.98982871|force=0.99862236|ramp_up=0.03642593|hold=0.09090699|ramp_down=0.03858638,A2846,2846,,2,1,7,2.629012107849121,3,training,94,1,3237118671
359365,surface=2|x=0.00580345|y=0.04500000|angle=-6.26372910|force=0.98237324|ramp_up=0.05516755|hold=0.13152309|ramp_down=0.02100745,A2807,2807,,2,1,7,2.5511562824249268,3,training,95,2,3237118671
432533,surface=2|x=0.02642647|y=0.04500000|angle=37.84923172|force=0.82645953|ramp_up=0.05646550|hold=0.07157555|ramp_down=0.03864466,A3379,3379,,2,2,8,1.3729585409164429,0,training,96,0,3026431988
391031,surface=2|x=0.04005920|y=0.04500000|angle=-43.83790207|force=0.67078173|ramp_up=0.05881577|hold=0.06136692|ramp_down=0.02915485,A3054,3054,,2,2,8,1.5082120895385742,0,training,97,1,3026431988
422843,surface=2|x=0.02100861|y=0.04500000|angle=33.75401306|force=0.50051743|ramp_up=0.03768781|hold=0.08707832|ramp_down=0.03404557,A3303,3303,,2,2,8,1.133589506149292,0,training,98,2,3026431988
427250,surface=2|x=0.02889012|y=0.04500000|angle=28.36422348|force=0.96789420|ramp_up=0.03876784|hold=0.06503499|ramp_down=0.02506615,A3337,3337,,2,2,8,1.8535772562026978,1,training,99,0,3171933138
413838,surface=2|x=0.03464797|y=0.04500000|angle=-11.42317867|force=1.04474974|ramp_up=0.04410757|hold=0.14837389|ramp_down=0.03366260,A3233,3233,,2,2,8,1.7680697441101074,1,training,100,1,3171933138
412543,surface=2|x=0.02955206|y=0.04500000|angle=10.00942707|force=0.86524564|ramp_up=0.02211849|hold=0.05337043|ramp_down=0.02105140,A3222,3222,,2,2,8,2.0749576091766357,1,training,101,2,3171933138
405688,surface=2|x=0.04137327|y=0.04500000|angle=-25.97874641|force=1.00550830|ramp_up=0.02873665|hold=0.05411865|ramp_down=0.02814057,A3169,3169,,2,2,8,2.304652690887451,2,training,102,0,4049553846
423181,surface=2|x=0.02279174|y=0.04500000|angle=21.31571388|force=0.73669249|ramp_up=0.05113468|hold=0.07364019|ramp_down=0.02119267,A3306,3306,,2,2,8,2.399153232574463,2,training,103,1,4049553846
410981,surface=2|x=0.02898478|y=0.04500000|angle=7.67001915|force=1.08527339|ramp_up=0.03345191|hold=0.05951782|ramp_down=0.02254863,A3210,3210,,2,2,8,2.303483009338379,2,training,104,2,4049553846
415290,surface=2|x=0.02069411|y=0.04500000|angle=14.06739902|force=0.82617754|ramp_up=0.02280881|hold=0.11411330|ramp_down=0.02899290,A3244,3244,,2,2,8,2.8420166969299316,3,training,105,0,4261106095
396745,surface=2|x=0.03629067|y=0.04500000|angle=-28.91767120|force=1.08688247|ramp_up=0.03601703|hold=0.07885029|ramp_down=0.03755167,A3099,3099,,2,2,8,2.682469367980957,3,training,106,1,4261106095
432371,surface=2|x=0.04240117|y=0.04500000|angle=40.80150604|force=1.08011937|ramp_up=0.04478696|hold=0.11606897|ramp_down=0.02963276,A3377,3377,,2,2,8,2.7623085975646973,3,training,107,2,4261106095
469237,surface=3|x=-0.02119921|y=-0.04500000|angle=14.36293125|force=1.01804388|ramp_up=0.04603990|hold=0.14315493|ramp_down=0.03901455,A3665,3665,,3,0,9,1.0485527515411377,0,training,108,0,2214077229
472898,surface=3|x=-0.02273351|y=-0.04500000|angle=27.58336449|force=0.76525402|ramp_up=0.02629992|hold=0.12741716|ramp_down=0.02560382,A3694,3694,,3,0,9,1.3852978944778442,0,training,109,1,2214077229
458601,surface=3|x=-0.03776186|y=-0.04500000|angle=3.01184464|force=0.85117280|ramp_up=0.02826259|hold=0.06787518|ramp_down=0.02011735,A3582,3582,,3,0,9,1.318897008895874,0,training,110,2,2214077229
470304,surface=3|x=-0.03938241|y=-0.04500000|angle=23.77657700|force=0.58061129|ramp_up=0.03129265|hold=0.07385500|ramp_down=0.02218607,A3674,3674,,3,0,9,1.9455920457839966,1,training,111,0,1951628595
447764,surface=3|x=-0.03265123|y=-0.04500000|angle=-29.30758858|force=0.92605126|ramp_up=0.02748025|hold=0.06660480|ramp_down=0.02884605,A3498,3498,,3,0,9,2.043450355529785,1,training,112,1,1951628595
445016,surface=3|x=-0.04018152|y=-0.04500000|angle=-22.84946251|force=0.94840306|ramp_up=0.03039207|hold=0.11653007|ramp_down=0.02147100,A3476,3476,,3,0,9,1.9716254472732544,1,training,113,2,1951628595
457612,surface=3|x=-0.02271882|y=-0.04500000|angle=-8.75578213|force=0.54035199|ramp_up=0.05201795|hold=0.13391656|ramp_down=0.03006261,A3575,3575,,3,0,9,2.1252331733703613,2,training,114,0,3400390762
461305,surface=3|x=-0.02443292|y=-0.04500000|angle=-0.71741241|force=0.91216218|ramp_up=0.03109917|hold=0.08352234|ramp_down=0.02810789,A3603,3603,,3,0,9,2.1898834705352783,2,training,115,1,3400390762
437852,surface=3|x=-0.03556229|y=-0.04500000|angle=-44.90540314|force=0.99183917|ramp_up=0.02999238|hold=0.09226897|ramp_down=0.02515361,A3420,3420,,3,0,9,2.428180694580078,2,training,116,2,3400390762
446438,surface=3|x=-0.03202530|y=-0.04500000|angle=-20.53770256|force=0.51591450|ramp_up=0.05284546|hold=0.05682485|ramp_down=0.02597013,A3487,3487,,3,0,9,2.7841708660125732,3,training,117,0,334194727
445187,surface=3|x=-0.02605999|y=-0.04500000|angle=-41.25880051|force=0.59111786|ramp_up=0.03692700|hold=0.14946024|ramp_down=0.02747684,A3478,3478,,3,0,9,2.772442102432251,3,training,118,1,334194727
442968,surface=3|x=-0.03187435|y=-0.04500000|angle=-25.89721680|force=0.58905703|ramp_up=0.04383104|hold=0.13868079|ramp_down=0.03006823,A3460,3460,,3,0,9,2.750497579574585,3,training,119,2,334194727
503565,surface=3|x=0.00572181|y=-0.04500000|angle=-9.46493721|force=1.07906711|ramp_up=0.04352675|hold=0.13240001|ramp_down=0.02315543,A3934,3934,,3,1,10,1.1954922676086426,0,training,120,0,3587916967
486647,surface=3|x=-0.00727181|y=-0.04500000|angle=-43.52557755|force=0.72625935|ramp_up=0.02944105|hold=0.10502050|ramp_down=0.03236237,A3801,3801,,3,1,10,1.4248991012573242,0,training,121,1,3587916967
496177,surface=3|x=-0.00861895|y=-0.04500000|angle=-33.72151184|force=1.01474202|ramp_up=0.04323641|hold=0.07025926|ramp_down=0.02051291,A3876,3876,,3,1,10,1.2897732257843018,0,training,122,2,3587916967
514542,surface=3|x=0.00118767|y=-0.04500000|angle=26.78951263|force=0.76915663|ramp_up=0.02691088|hold=0.13936448|ramp_down=0.02996165,A4019,4019,,3,1,10,2.0459227561950684,1,training,123,0,163312383
485855,surface=3|x=0.01060120|y=-0.04500000|angle=-42.08574295|force=0.57805383|ramp_up=0.05880642|hold=0.08266491|ramp_down=0.02757968,A3795,3795,,3,1,10,1.7201591730117798,1,training,124,1,163312383
492764,surface=3|x=0.01106621|y=-0.04500000|angle=-20.22762299|force=0.52738875|ramp_up=0.05101709|hold=0.09535895|ramp_down=0.03835744,A3849,3849,,3,1,10,1.7730612754821777,1,training,125,2,163312383
506281,surface=3|x=-0.00035563|y=-0.04500000|angle=-10.64020729|force=0.55325264|ramp_up=0.04705322|hold=0.05339580|ramp_down=0.03241778,A3955,3955,,3,1,10,2.099722385406494,2,training,126,0,832429202
506983,surface=3|x=0.00193837|y=-0.04500000|angle=7.40302277|force=0.90126669|ramp_up=0.03450604|hold=0.05748610|ramp_down=0.03406507,A3960,3960,,3,1,10,2.3704352378845215,2,training,127,1,832429202
485630,surface=3|x=-0.00892434|y=-0.04500000|angle=-33.20032883|force=0.51285982|ramp_up=0.05972760|hold=0.08225227|ramp_down=0.03457084,A3793,3793,,3,1,10,2.190067768096924,2,training,128,2,832429202
527782,surface=3|x=0.01449881|y=-0.04500000|angle=36.54522705|force=0.88526529|ramp_up=0.02601169|hold=0.10773207|ramp_down=0.02793940,A4123,4123,,3,1,10,3.1107866764068604,3,training,129,0,4057204396
511791,surface=3|x=-0.01285010|y=-0.04500000|angle=27.80277634|force=0.69996321|ramp_up=0.03131131|hold=0.10193379|ramp_down=0.03240931,A3998,3998,,3,1,10,2.872340202331543,3,training,130,1,4057204396
527007,surface=3|x=0.00203996|y=-0.04500000|angle=36.01537323|force=0.50968021|ramp_up=0.03689464|hold=0.08452791|ramp_down=0.02968654,A4117,4117,,3,1,10,3.125296115875244,3,training,131,2,4057204396
575628,surface=3|x=0.04095403|y=-0.04500000|angle=39.35704803|force=0.53360820|ramp_up=0.05426192|hold=0.08064159|ramp_down=0.03730436,A4497,4497,,3,2,11,1.4666650295257568,0,training,132,0,2218153353
540539,surface=3|x=0.04138554|y=-0.04500000|angle=-29.86503601|force=0.65781271|ramp_up=0.04404505|hold=0.13640361|ramp_down=0.02623309,A4222,4222,,3,2,11,1.5909932851791382,0,training,133,1,2218153353
543322,surface=3|x=0.02471942|y=-0.04500000|angle=-25.98262215|force=0.81624907|ramp_up=0.05590063|hold=0.10835640|ramp_down=0.03382256,A4244,4244,,3,2,11,1.6164758205413818,0,training,134,2,2218153353
578658,surface=3|x=0.02909968|y=-0.04500000|angle=39.19641876|force=1.01009452|ramp_up=0.02916342|hold=0.07595140|ramp_down=0.02711104,A4520,4520,,3,2,11,1.7978650331497192,1,training,135,0,1729027044
553232,surface=3|x=0.01722346|y=-0.04500000|angle=-6.20421934|force=0.64613324|ramp_up=0.03042076|hold=0.09043511|ramp_down=0.02661320,A4322,4322,,3,2,11,2.0071303844451904,1,training,136,1,1729027044
579255,surface=3|x=0.02016790|y=-0.04500000|angle=39.12699509|force=0.96745872|ramp_up=0.04734479|hold=0.06371586|ramp_down=0.03275293,A4525,4525,,3,2,11,1.7858507633209229,1,training,137,2,1729027044
556713,surface=3|x=0.03500884|y=-0.04500000|angle=-10.44313526|force=0.85168087|ramp_up=0.05886724|hold=0.14507087|ramp_down=0.03751096,A4349,4349,,3,2,11,2.4144551753997803,2,training,138,0,3435190084
551670,surface=3|x=0.03831085|y=-0.04500000|angle=-21.74766159|force=0.92841113|ramp_up=0.03281457|hold=0.05726048|ramp_down=0.02218531,A4309,4309,,3,2,11,2.4898319244384766,2,training,139,1,3435190084
574474,surface=3|x=0.02315527|y=-0.04500000|angle=42.70062637|force=0.66241789|ramp_up=0.03092254|hold=0.07907524|ramp_down=0.03300361,A4488,4488,,3,2,11,2.311314582824707,2,training,140,2,3435190084
539114,surface=3|x=0.03440839|y=-0.04500000|angle=-32.07703018|force=1.04341149|ramp_up=0.03908081|hold=0.12818609|ramp_down=0.02725695,A4211,4211,,3,2,11,3.1557841300964355,3,training,141,0,1758725110
533952,surface=3|x=0.02907211|y=-0.04500000|angle=-42.96455765|force=0.87129396|ramp_up=0.05507110|hold=0.07267414|ramp_down=0.03706677,A4171,4171,,3,2,11,2.712217092514038,3,training,142,1,1758725110
578704,surface=3|x=0.03999169|y=-0.04500000|angle=34.64730835|force=0.96387583|ramp_up=0.02803779|hold=0.11455209|ramp_down=0.02227377,A4521,4521,,3,2,11,2.701798915863037,3,training,143,2,1758725110
14670,surface=0|x=0.04500000|y=-0.02901871|angle=-11.50013828|force=0.65402102|ramp_up=0.03845269|hold=0.06709601|ramp_down=0.02006857,A0114,114,,0,0,0,1.329661250114441,0,validation,0,0,2968811710
33725,surface=0|x=0.04500000|y=-0.03055043|angle=19.05451775|force=0.99885094|ramp_up=0.03373220|hold=0.12426049|ramp_down=0.03592974,A0263,263,,0,0,0,1.5384647846221924,0,validation,1,1,2968811710
40136,surface=0|x=0.04500000|y=-0.03443745|angle=25.11345863|force=1.08973622|ramp_up=0.04868945|hold=0.06940659|ramp_down=0.03686738,A0313,313,,0,0,0,1.404451608657837,0,validation,2,2,2968811710
15971,surface=0|x=0.04500000|y=-0.02833312|angle=-13.28353024|force=0.73415786|ramp_up=0.05490311|hold=0.14818066|ramp_down=0.02303981,A0124,124,,0,0,0,1.6908857822418213,1,validation,3,0,3831201730
44675,surface=0|x=0.04500000|y=-0.02363921|angle=44.77687454|force=0.99805903|ramp_up=0.03722663|hold=0.07757282|ramp_down=0.03539426,A0349,349,,0,0,0,1.851919412612915,1,validation,4,1,3831201730
30883,surface=0|x=0.04500000|y=-0.02559717|angle=18.53220558|force=0.96010584|ramp_up=0.04534648|hold=0.06110496|ramp_down=0.02879645,A0241,241,,0,0,0,1.7848244905471802,1,validation,5,2,3831201730
27609,surface=0|x=0.04500000|y=-0.04135938|angle=-4.52960825|force=1.05505872|ramp_up=0.05908268|hold=0.14560072|ramp_down=0.02035784,A0215,215,,0,0,0,2.2193546295166016,2,validation,6,0,2926792190
1167,surface=0|x=0.04500000|y=-0.02503535|angle=-34.58618164|force=0.70871711|ramp_up=0.03753203|hold=0.08167469|ramp_down=0.03693548,A0009,9,,0,0,0,2.160036563873291,2,validation,7,1,2926792190
32628,surface=0|x=0.04500000|y=-0.02500418|angle=26.11621666|force=0.90971732|ramp_up=0.02593057|hold=0.07211864|ramp_down=0.02246298,A0254,254,,0,0,0,2.3607466220855713,2,validation,8,2,2926792190
6712,surface=0|x=0.04500000|y=-0.02512041|angle=-44.71261215|force=1.07833946|ramp_up=0.05136588|hold=0.09125891|ramp_down=0.03255279,A0052,52,,0,0,0,2.8231499195098877,3,validation,9,0,198478470
9602,surface=0|x=0.04500000|y=-0.04232457|angle=-30.18686867|force=0.78858012|ramp_up=0.04233020|hold=0.08047379|ramp_down=0.03748603,A0075,75,,0,0,0,2.5181586742401123,3,validation,10,1,198478470
32060,surface=0|x=0.04500000|y=-0.02992509|angle=5.27114630|force=0.97539574|ramp_up=0.04098170|hold=0.12785986|ramp_down=0.02697960,A0250,250,,0,0,0,2.8175129890441895,3,validation,11,2,198478470
54945,surface=0|x=0.04500000|y=0.01075453|angle=-42.88461304|force=1.01640117|ramp_up=0.05931067|hold=0.11958626|ramp_down=0.03958514,A0429,429,,0,1,1,1.2346969842910767,0,validation,12,0,3964924996
54513,surface=0|x=0.04500000|y=0.00202004|angle=-38.68777847|force=1.08615696|ramp_up=0.03760664|hold=0.13772818|ramp_down=0.03190914,A0425,425,,0,1,1,1.29917311668396,0,validation,13,1,3964924996
65508,surface=0|x=0.04500000|y=-0.00096938|angle=-22.26725769|force=0.84194297|ramp_up=0.03960186|hold=0.07849801|ramp_down=0.03987436,A0511,511,,0,1,1,1.5239499807357788,0,validation,14,2,3964924996
77193,surface=0|x=0.04500000|y=-0.00335142|angle=21.18313026|force=0.50612020|ramp_up=0.02206168|hold=0.11199919|ramp_down=0.03979516,A0603,603,,0,1,1,2.044473171234131,1,validation,15,0,901243215
94026,surface=0|x=0.04500000|y=0.00581295|angle=35.77056122|force=0.64166021|ramp_up=0.05707180|hold=0.08962686|ramp_down=0.02010679,A0734,734,,0,1,1,1.74265456199646,1,validation,16,1,901243215
75629,surface=0|x=0.04500000|y=0.00943946|angle=1.22862935|force=0.94376391|ramp_up=0.05098413|hold=0.07212881|ramp_down=0.02530231,A0590,590,,0,1,1,1.9607694149017334,1,validation,17,2,901243215
62898,surface=0|x=0.04500000|y=-0.01427928|angle=-19.49223137|force=0.76511115|ramp_up=0.02542982|hold=0.12636533|ramp_down=0.03419386,A0491,491,,0,1,1,2.4319536685943604,2,validation,18,0,3884055042
93676,surface=0|x=0.04500000|y=0.01341000|angle=36.84439468|force=0.63202429|ramp_up=0.03940825|hold=0.11540593|ramp_down=0.03347218,A0731,731,,0,1,1,2.3622379302978516,2,validation,19,1,3884055042
65241,surface=0|x=0.04500000|y=-0.00426466|angle=-16.86640358|force=0.87895066|ramp_up=0.03716590|hold=0.14401706|ramp_down=0.02420200,A0509,509,,0,1,1,2.4330050945281982,2,validation,20,2,3884055042
73393,surface=0|x=0.04500000|y=0.01145632|angle=9.13581467|force=0.75307435|ramp_up=0.04564798|hold=0.07543943|ramp_down=0.02221632,A0573,573,,0,1,1,2.8900742530822754,3,validation,21,0,1680122868
63052,surface=0|x=0.04500000|y=-0.00730046|angle=-1.91322911|force=0.64775288|ramp_up=0.02036451|hold=0.07484199|ramp_down=0.02157939,A0492,492,,0,1,1,3.0198826789855957,3,validation,22,1,1680122868
51536,surface=0|x=0.04500000|y=-0.01066042|angle=-36.13193893|force=0.69625777|ramp_up=0.05181818|hold=0.06624267|ramp_down=0.03929581,A0402,402,,0,1,1,2.814889669418335,3,validation,23,2,1680122868
116694,surface=0|x=0.04500000|y=0.03222211|angle=-10.76374912|force=1.08580971|ramp_up=0.03393080|hold=0.13396548|ramp_down=0.03776857,A0911,911,,0,2,2,1.086023211479187,0,validation,24,0,3141116543
142057,surface=0|x=0.04500000|y=0.02548347|angle=42.29443741|force=0.65149319|ramp_up=0.04615301|hold=0.14234090|ramp_down=0.03377557,A1109,1109,,0,2,2,1.435575246810913,0,validation,25,1,3141116543
125759,surface=0|x=0.04500000|y=0.01926717|angle=9.55535221|force=0.50823241|ramp_up=0.04369544|hold=0.13307890|ramp_down=0.02316275,A0982,982,,0,2,2,1.3178399801254272,0,validation,26,2,3141116543
136018,surface=0|x=0.04500000|y=0.02068239|angle=26.08468246|force=0.97844046|ramp_up=0.02643154|hold=0.07734760|ramp_down=0.02283104,A1062,1062,,0,2,2,1.7336519956588745,1,validation,27,0,1961547765
115084,surface=0|x=0.04500000|y=0.04475064|angle=-20.83361435|force=0.80978632|ramp_up=0.04846505|hold=0.12790012|ramp_down=0.03570574,A0899,899,,0,2,2,1.96791410446167,1,validation,28,1,1961547765
113881,surface=0|x=0.04500000|y=0.02958223|angle=-18.44362831|force=0.86128229|ramp_up=0.02862489|hold=0.07136484|ramp_down=0.03205651,A0889,889,,0,2,2,1.741768717765808,1,validation,29,2,1961547765
102260,surface=0|x=0.04500000|y=0.03635029|angle=-43.52604294|force=1.07033825|ramp_up=0.03973865|hold=0.10259315|ramp_down=0.02087345,A0798,798,,0,2,2,2.1658554077148438,2,validation,30,0,1425400168
143435,surface=0|x=0.04500000|y=0.03340819|angle=39.66521072|force=0.83065444|ramp_up=0.02045570|hold=0.14652564|ramp_down=0.02819315,A1120,1120,,0,2,2,2.1153159141540527,2,validation,31,1,1425400168
99001,surface=0|x=0.04500000|y=0.01682685|angle=-37.97589874|force=0.67596227|ramp_up=0.05922488|hold=0.14377593|ramp_down=0.02498756,A0773,773,,0,2,2,2.3121891021728516,2,validation,32,2,1425400168
111362,surface=0|x=0.04500000|y=0.01532919|angle=-27.04631233|force=0.71769625|ramp_up=0.04707843|hold=0.07597038|ramp_down=0.02748639,A0870,870,,0,2,2,2.789860725402832,3,validation,33,0,3842683572
108182,surface=0|x=0.04500000|y=0.03615104|angle=-21.75260353|force=0.61951470|ramp_up=0.04056513|hold=0.14946762|ramp_down=0.03074267,A0845,845,,0,2,2,2.7312533855438232,3,validation,34,1,3842683572
124928,surface=0|x=0.04500000|y=0.03791334|angle=17.78310394|force=0.56458628|ramp_up=0.04104567|hold=0.13414031|ramp_down=0.03498737,A0976,976,,0,2,2,2.7711503505706787,3,validation,35,2,3842683572
166185,surface=1|x=-0.04500000|y=-0.01853949|angle=-2.80151844|force=0.50623262|ramp_up=0.02037933|hold=0.10598268|ramp_down=0.02261518,A1298,1298,,1,0,3,0.9230936765670776,0,validation,36,0,2613022947
175585,surface=1|x=-0.04500000|y=-0.03047589|angle=11.97650814|force=0.86197197|ramp_up=0.02273873|hold=0.12333587|ramp_down=0.03779480,A1371,1371,,1,0,3,1.1528867483139038,0,validation,37,1,2613022947
163719,surface=1|x=-0.04500000|y=-0.04110256|angle=-16.03548241|force=1.09770525|ramp_up=0.02374973|hold=0.07319325|ramp_down=0.03327294,A1279,1279,,1,0,3,1.4216079711914062,0,validation,38,2,2613022947
185189,surface=1|x=-0.04500000|y=-0.02951253|angle=38.13431931|force=0.93704438|ramp_up=0.03932317|hold=0.07219608|ramp_down=0.02941184,A1446,1446,,1,0,3,2.0090386867523193,1,validation,39,0,3679268941
156377,surface=1|x=-0.04500000|y=-0.03468463|angle=-35.28842163|force=0.93472540|ramp_up=0.05849269|hold=0.11867771|ramp_down=0.02889137,A1221,1221,,1,0,3,1.793418526649475,1,validation,40,1,3679268941
150806,surface=1|x=-0.04500000|y=-0.02075359|angle=-42.79363251|force=1.09866381|ramp_up=0.05407385|hold=0.12389821|ramp_down=0.02543869,A1178,1178,,1,0,3,1.9123103618621826,1,validation,41,2,3679268941
183252,surface=1|x=-0.04500000|y=-0.02342052|angle=37.62289047|force=1.00879121|ramp_up=0.03122298|hold=0.08034507|ramp_down=0.03103446,A1431,1431,,1,0,3,2.314133405685425,2,validation,42,0,3170341645
152931,surface=1|x=-0.04500000|y=-0.03436418|angle=-38.15102386|force=0.56893611|ramp_up=0.02668776|hold=0.07711451|ramp_down=0.02689039,A1194,1194,,1,0,3,2.2136497497558594,2,validation,43,1,3170341645
179256,surface=1|x=-0.04500000|y=-0.01855099|angle=20.72048378|force=1.02117515|ramp_up=0.05410893|hold=0.05995541|ramp_down=0.02827651,A1400,1400,,1,0,3,2.2446045875549316,2,validation,44,2,3170341645
187306,surface=1|x=-0.04500000|y=-0.03981629|angle=42.62435532|force=0.75076848|ramp_up=0.03750837|hold=0.10354587|ramp_down=0.03695220,A1463,1463,,1,0,3,3.15191650390625,3,validation,45,0,2997468713
150274,surface=1|x=-0.04500000|y=-0.03493772|angle=-30.89101791|force=1.03858352|ramp_up=0.02148146|hold=0.13374504|ramp_down=0.03508738,A1174,1174,,1,0,3,2.5565414428710938,3,validation,46,1,2997468713
145614,surface=1|x=-0.04500000|y=-0.03395759|angle=-43.63140488|force=0.51585835|ramp_up=0.04525100|hold=0.10420358|ramp_down=0.02452007,A1137,1137,,1,0,3,2.9857616424560547,3,validation,47,2,2997468713
225508,surface=1|x=-0.04500000|y=-0.00981059|angle=17.07086372|force=0.68006575|ramp_up=0.05773561|hold=0.08050618|ramp_down=0.03984724,A1761,1761,,1,1,4,1.3426944017410278,0,validation,48,0,1874364848
232888,surface=1|x=-0.04500000|y=0.00819409|angle=27.33979034|force=1.06712210|ramp_up=0.02823261|hold=0.08041293|ramp_down=0.03678686,A1819,1819,,1,1,4,1.6532331705093384,0,validation,49,1,1874364848
227811,surface=1|x=-0.04500000|y=0.00361803|angle=19.13084221|force=1.03071332|ramp_up=0.05087277|hold=0.12446504|ramp_down=0.03385556,A1779,1779,,1,1,4,1.656249761581421,0,validation,50,2,1874364848
195408,surface=1|x=-0.04500000|y=-0.00949309|angle=-41.56599808|force=0.59963572|ramp_up=0.05837740|hold=0.07726351|ramp_down=0.03446723,A1526,1526,,1,1,4,1.99945867061615,1,validation,51,0,2040376534
206236,surface=1|x=-0.04500000|y=0.00457210|angle=-37.83224106|force=1.00331259|ramp_up=0.02747944|hold=0.09388461|ramp_down=0.03585919,A1611,1611,,1,1,4,1.8433387279510498,1,validation,52,1,2040376534
230861,surface=1|x=-0.04500000|y=0.00446669|angle=25.52283478|force=1.05537271|ramp_up=0.02620819|hold=0.09736742|ramp_down=0.03741464,A1803,1803,,1,1,4,1.951109528541565,1,validation,53,2,2040376534
214736,surface=1|x=-0.04500000|y=0.01051751|angle=-1.75231898|force=0.55868655|ramp_up=0.02379157|hold=0.12915231|ramp_down=0.02068319,A1677,1677,,1,1,4,2.4360251426696777,2,validation,54,0,366692492
193901,surface=1|x=-0.04500000|y=-0.00070149|angle=-43.23708344|force=0.78914297|ramp_up=0.02461586|hold=0.09806944|ramp_down=0.02929783,A1514,1514,,1,1,4,2.203787088394165,2,validation,55,1,366692492
193804,surface=1|x=-0.04500000|y=0.00563323|angle=-37.96746063|force=0.57564235|ramp_up=0.03492111|hold=0.09730966|ramp_down=0.02979738,A1514,1514,,1,1,4,2.114811897277832,2,validation,56,2,366692492
195424,surface=1|x=-0.04500000|y=-0.00839680|angle=-40.60825348|force=0.78312081|ramp_up=0.05870348|hold=0.09969844|ramp_down=0.03981425,A1526,1526,,1,1,4,2.856886386871338,3,validation,57,0,3971982538
194534,surface=1|x=-0.04500000|y=0.00774969|angle=-40.15499878|force=0.66091204|ramp_up=0.02838126|hold=0.09781665|ramp_down=0.03369479,A1519,1519,,1,1,4,2.690877914428711,3,validation,58,1,3971982538
230205,surface=1|x=-0.04500000|y=0.00908863|angle=35.25057220|force=0.68979216|ramp_up=0.04418065|hold=0.13277924|ramp_down=0.03446789,A1798,1798,,1,1,4,2.743788003921509,3,validation,59,2,3971982538
264194,surface=1|x=-0.04500000|y=0.01590807|angle=5.38935709|force=0.52812719|ramp_up=0.05260265|hold=0.05638647|ramp_down=0.02124953,A2064,2064,,1,2,5,1.4360325336456299,0,validation,60,0,161328693
270546,surface=1|x=-0.04500000|y=0.02054138|angle=12.32974720|force=0.51591259|ramp_up=0.02768445|hold=0.05436424|ramp_down=0.03722311,A2113,2113,,1,2,5,1.469677209854126,0,validation,61,1,161328693
244267,surface=1|x=-0.04500000|y=0.04443664|angle=-40.65576935|force=0.82489550|ramp_up=0.02512919|hold=0.07270290|ramp_down=0.02319390,A1908,1908,,1,2,5,1.5745224952697754,0,validation,62,2,161328693
250974,surface=1|x=-0.04500000|y=0.02651541|angle=-31.65257454|force=0.51126152|ramp_up=0.05654408|hold=0.13437855|ramp_down=0.03762582,A1960,1960,,1,2,5,1.929956078529358,1,validation,63,0,1565899405
248387,surface=1|x=-0.04500000|y=0.02773317|angle=-41.19022751|force=0.98446417|ramp_up=0.05917404|hold=0.12224205|ramp_down=0.03224605,A1940,1940,,1,2,5,1.7810537815093994,1,validation,64,1,1565899405
278776,surface=1|x=-0.04500000|y=0.02527847|angle=36.47913742|force=0.53114194|ramp_up=0.05330157|hold=0.11797740|ramp_down=0.03807080,A2177,2177,,1,2,5,1.7364050149917603,1,validation,65,2,1565899405
269387,surface=1|x=-0.04500000|y=0.02186487|angle=9.55970573|force=0.93446434|ramp_up=0.05752533|hold=0.11968164|ramp_down=0.02157106,A2104,2104,,1,2,5,2.1664087772369385,2,validation,66,0,1950057878
280305,surface=1|x=-0.04500000|y=0.02681496|angle=28.57490349|force=0.93364972|ramp_up=0.02295552|hold=0.13487031|ramp_down=0.02813758,A2189,2189,,1,2,5,2.3566150665283203,2,validation,67,1,1950057878
247142,surface=1|x=-0.04500000|y=0.01619579|angle=-41.65625381|force=1.06285727|ramp_up=0.02103250|hold=0.10973097|ramp_down=0.02877738,A1930,1930,,1,2,5,2.1172235012054443,2,validation,68,2,1950057878
270475,surface=1|x=-0.04500000|y=0.04099635|angle=19.90657806|force=0.76544952|ramp_up=0.05272428|hold=0.06957634|ramp_down=0.03453691,A2113,2113,,1,2,5,2.5744552612304688,3,validation,69,0,3716799053
283081,surface=1|x=-0.04500000|y=0.01619149|angle=43.18916702|force=1.08593678|ramp_up=0.05714025|hold=0.14444579|ramp_down=0.03372402,A2211,2211,,1,2,5,2.754105806350708,3,validation,70,1,3716799053
255796,surface=1|x=-0.04500000|y=0.04222993|angle=-30.25641632|force=0.61633688|ramp_up=0.02509233|hold=0.07153039|ramp_down=0.03300609,A1998,1998,,1,2,5,2.8454880714416504,3,validation,71,2,3716799053
293878,surface=2|x=-0.02170226|y=0.04500000|angle=-38.31118393|force=0.82306176|ramp_up=0.04625669|hold=0.11109037|ramp_down=0.03163702,A2295,2295,,2,0,6,1.5532807111740112,0,validation,72,0,2617721224
317779,surface=2|x=-0.01608843|y=0.04500000|angle=5.42819166|force=1.06681705|ramp_up=0.05725008|hold=0.13634650|ramp_down=0.02893879,A2482,2482,,2,0,6,1.6142539978027344,0,validation,73,1,2617721224
318662,surface=2|x=-0.02548499|y=0.04500000|angle=20.13523865|force=0.56285989|ramp_up=0.02908890|hold=0.14131743|ramp_down=0.03128365,A2489,2489,,2,0,6,1.5625227689743042,0,validation,74,2,2617721224
326416,surface=2|x=-0.03688738|y=0.04500000|angle=39.14332962|force=0.53856593|ramp_up=0.04864612|hold=0.06787797|ramp_down=0.02674469,A2550,2550,,2,0,6,2.0046372413635254,1,validation,75,0,1749781631
291505,surface=2|x=-0.02095841|y=0.04500000|angle=-41.72222137|force=0.56299978|ramp_up=0.05540035|hold=0.10225833|ramp_down=0.03881513,A2277,2277,,2,0,6,1.7676657438278198,1,validation,76,1,1749781631
305554,surface=2|x=-0.02336476|y=0.04500000|angle=-5.91899204|force=0.55731928|ramp_up=0.04088067|hold=0.13563001|ramp_down=0.02644182,A2387,2387,,2,0,6,1.9960278272628784,1,validation,77,2,1749781631
324083,surface=2|x=-0.03023119|y=0.04500000|angle=5.68445349|force=1.02782393|ramp_up=0.04482518|hold=0.13224532|ramp_down=0.02545948,A2531,2531,,2,0,6,2.150806427001953,2,validation,78,0,3670666263
326452,surface=2|x=-0.03593766|y=0.04500000|angle=36.07372665|force=0.52962941|ramp_up=0.04505022|hold=0.08931853|ramp_down=0.02234640,A2550,2550,,2,0,6,2.3696129322052,2,validation,79,1,3670666263
331211,surface=2|x=-0.02747908|y=0.04500000|angle=28.27111435|force=0.98555720|ramp_up=0.05746220|hold=0.09530016|ramp_down=0.03448972,A2587,2587,,2,0,6,2.0772294998168945,2,validation,80,2,3670666263
329746,surface=2|x=-0.01675466|y=0.04500000|angle=9.10079002|force=1.02808058|ramp_up=0.02042515|hold=0.09950171|ramp_down=0.03057922,A2576,2576,,2,0,6,3.1457817554473877,3,validation,81,0,860803706
308471,surface=2|x=-0.02039363|y=0.04500000|angle=-4.77293587|force=0.61680055|ramp_up=0.04887614|hold=0.12380544|ramp_down=0.03236769,A2409,2409,,2,0,6,2.5471277236938477,3,validation,82,1,860803706
290932,surface=2|x=-0.04073738|y=0.04500000|angle=-32.45584106|force=0.74499375|ramp_up=0.03907150|hold=0.13746774|ramp_down=0.03170949,A2272,2272,,2,0,6,3.3521814346313477,3,validation,83,2,860803706
384741,surface=2|x=-0.00037191|y=0.04500000|angle=40.72360229|force=0.79247832|ramp_up=0.05329154|hold=0.12262692|ramp_down=0.03604112,A3005,3005,,2,1,7,1.4607738256454468,0,validation,84,0,1369798745
385653,surface=2|x=-0.01215543|y=0.04500000|angle=41.97986984|force=1.03849196|ramp_up=0.05044542|hold=0.06043836|ramp_down=0.02336766,A3012,3012,,2,1,7,1.5381155014038086,0,validation,85,1,1369798745
376207,surface=2|x=-0.00960328|y=0.04500000|angle=32.99151611|force=0.87761575|ramp_up=0.03324616|hold=0.14978658|ramp_down=0.03623270,A2939,2939,,2,1,7,1.653277039527893,0,validation,86,2,1369798745
363302,surface=2|x=0.01278574|y=0.04500000|angle=4.97682905|force=0.78125137|ramp_up=0.05573346|hold=0.07707613|ramp_down=0.02713643,A2838,2838,,2,1,7,1.7455142736434937,1,validation,87,0,663341227
368201,surface=2|x=-0.01025509|y=0.04500000|angle=14.59089661|force=0.70487261|ramp_up=0.05666304|hold=0.12456698|ramp_down=0.02000979,A2876,2876,,2,1,7,1.8473907709121704,1,validation,88,1,663341227
338990,surface=2|x=-0.01125208|y=0.04500000|angle=-40.93284988|force=0.69507754|ramp_up=0.02143070|hold=0.07636237|ramp_down=0.02232322,A2648,2648,,2,1,7,1.875246524810791,1,validation,89,2,663341227
344649,surface=2|x=0.00000783|y=0.04500000|angle=-32.43701172|force=1.06417084|ramp_up=0.03496983|hold=0.12982596|ramp_down=0.03352464,A2692,2692,,2,1,7,2.3656437397003174,2,validation,90,0,194365079
353121,surface=2|x=-0.00971357|y=0.04500000|angle=-12.52443886|force=0.79741347|ramp_up=0.02023848|hold=0.12580802|ramp_down=0.02352960,A2758,2758,,2,1,7,2.349717855453491,2,validation,91,1,194365079
363718,surface=2|x=0.01320888|y=0.04500000|angle=7.23441267|force=0.92540240|ramp_up=0.04906809|hold=0.07385808|ramp_down=0.03195418,A2841,2841,,2,1,7,2.310985565185547,2,validation,92,2,194365079
364401,surface=2|x=0.00933920|y=0.04500000|angle=-5.72666407|force=1.03809011|ramp_up=0.04103613|hold=0.12863019|ramp_down=0.02054708,A2846,2846,,2,1,7,2.623107433319092,3,validation,93,0,3237118671
344328,surface=2|x=-0.00082670|y=0.04500000|angle=-43.41903305|force=0.88012224|ramp_up=0.04450398|hold=0.14617632|ramp_down=0.03088719,A2690,2690,,2,1,7,2.644988775253296,3,validation,94,1,3237118671
379821,surface=2|x=0.00671115|y=0.04500000|angle=34.25432587|force=0.85560322|ramp_up=0.04545793|hold=0.14415725|ramp_down=0.02233746,A2967,2967,,2,1,7,3.395695447921753,3,validation,95,2,3237118671
421858,surface=2|x=0.01799869|y=0.04500000|angle=23.89978027|force=0.53224969|ramp_up=0.02314124|hold=0.06132616|ramp_down=0.03593428,A3295,3295,,2,2,8,1.3480165004730225,0,validation,96,0,3026431988
407958,surface=2|x=0.04406241|y=0.04500000|angle=2.70470810|force=0.58369386|ramp_up=0.02827787|hold=0.05225951|ramp_down=0.03454067,A3187,3187,,2,2,8,1.520430326461792,0,validation,97,1,3026431988
391254,surface=2|x=0.02493659|y=0.04500000|angle=-38.11292267|force=0.87298453|ramp_up=0.05614094|hold=0.12803124|ramp_down=0.02232304,A3056,3056,,2,2,8,1.629114031791687,0,validation,98,2,3026431988
413526,surface=2|x=0.02908625|y=0.04500000|angle=-6.04032040|force=1.02300179|ramp_up=0.03035290|hold=0.08824580|ramp_down=0.03005027,A3230,3230,,2,2,8,1.7543212175369263,1,validation,99,0,3171933138
415158,surface=2|x=0.03545813|y=0.04500000|angle=18.44304848|force=0.62821865|ramp_up=0.02225690|hold=0.10271361|ramp_down=0.02307556,A3243,3243,,2,2,8,2.0002262592315674,1,validation,100,1,3171933138
399868,surface=2|x=0.02273638|y=0.04500000|angle=-31.41799736|force=0.91346687|ramp_up=0.04506688|hold=0.09233637|ramp_down=0.03052434,A3123,3123,,2,2,8,1.7507847547531128,1,validation,101,2,3171933138
400665,surface=2|x=0.01536908|y=0.04500000|angle=-33.34814453|force=1.08132827|ramp_up=0.05623405|hold=0.10863974|ramp_down=0.03031673,A3130,3130,,2,2,8,2.260404109954834,2,validation,102,0,4049553846
404496,surface=2|x=0.01518136|y=0.04500000|angle=-19.72780228|force=0.73104972|ramp_up=0.04405887|hold=0.11491786|ramp_down=0.03455721,A3160,3160,,2,2,8,2.416135311126709,2,validation,103,1,4049553846
422968,surface=2|x=0.01651978|y=0.04500000|angle=33.93465424|force=0.50788021|ramp_up=0.03584166|hold=0.10540363|ramp_down=0.02576118,A3304,3304,,2,2,8,2.184624433517456,2,validation,104,2,4049553846
393161,surface=2|x=0.04406387|y=0.04500000|angle=-43.83468246|force=0.66597813|ramp_up=0.04147580|hold=0.12656127|ramp_down=0.02806422,A3071,3071,,2,2,8,3.406001567840576,3,validation,105,0,4261106095
406739,surface=2|x=0.03920717|y=0.04500000|angle=-7.50420952|force=0.87578231|ramp_up=0.04710335|hold=0.06307741|ramp_down=0.02523146,A3177,3177,,2,2,8,2.9115188121795654,3,validation,106,1,4261106095
402146,surface=2|x=0.04280728|y=0.04500000|angle=-9.14843559|force=0.75669873|ramp_up=0.04387986|hold=0.07000486|ramp_down=0.03364832,A3141,3141,,2,2,8,2.5019731521606445,3,validation,107,2,4261106095
459806,surface=3|x=-0.01955927|y=-0.04500000|angle=0.25544727|force=0.71777713|ramp_up=0.04537175|hold=0.13872468|ramp_down=0.02972595,A3592,3592,,3,0,9,1.491316795349121,0,validation,108,0,2214077229
446485,surface=3|x=-0.03614251|y=-0.04500000|angle=-27.28124237|force=0.79298997|ramp_up=0.05733662|hold=0.07504349|ramp_down=0.02724307,A3488,3488,,3,0,9,1.3759950399398804,0,validation,109,1,2214077229
465573,surface=3|x=-0.03607838|y=-0.04500000|angle=16.66521072|force=0.80041462|ramp_up=0.02122947|hold=0.08219343|ramp_down=0.03229842,A3637,3637,,3,0,9,1.5748134851455688,0,validation,110,2,2214077229
456573,surface=3|x=-0.02837122|y=-0.04500000|angle=8.49858475|force=0.71366817|ramp_up=0.02559739|hold=0.09817740|ramp_down=0.02755382,A3566,3566,,3,0,9,2.052828073501587,1,validation,111,0,1951628595
442523,surface=3|x=-0.02224667|y=-0.04500000|angle=-35.72907257|force=0.73977435|ramp_up=0.02410159|hold=0.06223665|ramp_down=0.03981306,A3457,3457,,3,0,9,1.9529532194137573,1,validation,112,1,1951628595
446778,surface=3|x=-0.02124196|y=-0.04500000|angle=-30.85514832|force=0.73705453|ramp_up=0.05545545|hold=0.10759202|ramp_down=0.02635867,A3490,3490,,3,0,9,2.0045833587646484,1,validation,113,2,1951628595
456787,surface=3|x=-0.02168197|y=-0.04500000|angle=3.01604271|force=0.73082322|ramp_up=0.03094116|hold=0.12926359|ramp_down=0.03124651,A3568,3568,,3,0,9,2.4468600749969482,2,validation,114,0,3400390762
442745,surface=3|x=-0.04070408|y=-0.04500000|angle=-27.31797981|force=0.55499429|ramp_up=0.03749592|hold=0.06821136|ramp_down=0.02551205,A3458,3458,,3,0,9,2.398594617843628,2,validation,115,1,3400390762
438252,surface=3|x=-0.02283297|y=-0.04500000|angle=-38.13279343|force=0.96506482|ramp_up=0.02198438|hold=0.10634338|ramp_down=0.02339760,A3423,3423,,3,0,9,2.2666659355163574,2,validation,116,2,3400390762
439291,surface=3|x=-0.03655155|y=-0.04500000|angle=-35.48627472|force=0.81716514|ramp_up=0.04008020|hold=0.08944233|ramp_down=0.03284532,A3431,3431,,3,0,9,2.862250328063965,3,validation,117,0,334194727
469106,surface=3|x=-0.02092301|y=-0.04500000|angle=8.21742153|force=0.77181661|ramp_up=0.03651744|hold=0.14341064|ramp_down=0.03054217,A3664,3664,,3,0,9,2.696852207183838,3,validation,118,1,334194727
438974,surface=3|x=-0.03336508|y=-0.04500000|angle=-34.48181534|force=0.78100437|ramp_up=0.02270680|hold=0.05158452|ramp_down=0.02465376,A3429,3429,,3,0,9,3.3360562324523926,3,validation,119,2,334194727
529888,surface=3|x=0.01185406|y=-0.04500000|angle=39.18266678|force=0.87617129|ramp_up=0.05928962|hold=0.13890560|ramp_down=0.03451387,A4139,4139,,3,1,10,1.409603238105774,0,validation,120,0,3587916967
509081,surface=3|x=0.00097421|y=-0.04500000|angle=0.39243829|force=0.67867368|ramp_up=0.05075315|hold=0.13171355|ramp_down=0.03402540,A3977,3977,,3,1,10,1.5518418550491333,0,validation,121,1,3587916967
525237,surface=3|x=-0.01155329|y=-0.04500000|angle=24.81591034|force=1.04213965|ramp_up=0.05790379|hold=0.14724766|ramp_down=0.03433109,A4103,4103,,3,1,10,1.263815999031067,0,validation,122,2,3587916967
516716,surface=3|x=0.00707582|y=-0.04500000|angle=20.67511559|force=0.97060001|ramp_up=0.02424784|hold=0.11990174|ramp_down=0.02757127,A4036,4036,,3,1,10,1.9345321655273438,1,validation,123,0,163312383
520879,surface=3|x=-0.00251696|y=-0.04500000|angle=19.34640884|force=0.76030380|ramp_up=0.02650541|hold=0.07799943|ramp_down=0.03561009,A4069,4069,,3,1,10,1.9965511560440063,1,validation,124,1,163312383
493291,surface=3|x=0.01210115|y=-0.04500000|angle=-35.55110931|force=0.93207520|ramp_up=0.02942608|hold=0.05915799|ramp_down=0.03638716,A3853,3853,,3,1,10,1.7683783769607544,1,validation,125,2,163312383
488328,surface=3|x=0.01112889|y=-0.04500000|angle=-40.07344818|force=0.92242819|ramp_up=0.05086740|hold=0.11592634|ramp_down=0.03986492,A3815,3815,,3,1,10,2.08325457572937,2,validation,126,0,832429202
498450,surface=3|x=0.00723791|y=-0.04500000|angle=-21.41702652|force=0.53953874|ramp_up=0.05594572|hold=0.05294429|ramp_down=0.03448979,A3894,3894,,3,1,10,2.385464668273926,2,validation,127,1,832429202
501624,surface=3|x=-0.00171800|y=-0.04500000|angle=-8.22315502|force=0.90534067|ramp_up=0.04675664|hold=0.07940691|ramp_down=0.02494497,A3918,3918,,3,1,10,2.1690497398376465,2,validation,128,2,832429202
484817,surface=3|x=0.00664273|y=-0.04500000|angle=-43.94932938|force=0.80376756|ramp_up=0.03854511|hold=0.05219640|ramp_down=0.02244411,A3787,3787,,3,1,10,2.7254021167755127,3,validation,129,0,4057204396
502818,surface=3|x=-0.00205898|y=-0.04500000|angle=-18.49603462|force=0.79569936|ramp_up=0.03132965|hold=0.14905708|ramp_down=0.02841188,A3928,3928,,3,1,10,2.518781900405884,3,validation,130,1,4057204396
508605,surface=3|x=0.00890776|y=-0.04500000|angle=-14.08565617|force=0.80349171|ramp_up=0.05924176|hold=0.10781331|ramp_down=0.02811486,A3973,3973,,3,1,10,3.2629027366638184,3,validation,131,2,4057204396
547284,surface=3|x=0.03829402|y=-0.04500000|angle=-16.00050926|force=0.67076325|ramp_up=0.03868377|hold=0.09932782|ramp_down=0.02932504,A4275,4275,,3,2,11,1.6664729118347168,0,validation,132,0,2218153353
540061,surface=3|x=0.02822013|y=-0.04500000|angle=-32.95352173|force=0.66868758|ramp_up=0.04229922|hold=0.06424608|ramp_down=0.03415451,A4219,4219,,3,2,11,1.467355489730835,0,validation,133,1,2218153353
579360,surface=3|x=0.02684429|y=-0.04500000|angle=42.54000473|force=0.99271291|ramp_up=0.03483896|hold=0.11073997|ramp_down=0.02488999,A4526,4526,,3,2,11,1.1633833646774292,0,validation,134,2,2218153353
536090,surface=3|x=0.01950519|y=-0.04500000|angle=-39.76536179|force=0.79711640|ramp_up=0.05196609|hold=0.06801851|ramp_down=0.03402675,A4188,4188,,3,2,11,2.0271711349487305,1,validation,135,0,1729027044
576868,surface=3|x=0.04456698|y=-0.04500000|angle=44.25523758|force=0.73618060|ramp_up=0.05204817|hold=0.06082301|ramp_down=0.02573783,A4506,4506,,3,2,11,1.7613085508346558,1,validation,136,1,1729027044
541487,surface=3|x=0.02014533|y=-0.04500000|angle=-28.70544434|force=0.81952214|ramp_up=0.03607312|hold=0.05358917|ramp_down=0.02804503,A4230,4230,,3,2,11,1.931227684020996,1,validation,137,2,1729027044
563698,surface=3|x=0.03959115|y=-0.04500000|angle=22.27234840|force=0.75208610|ramp_up=0.05564219|hold=0.12882951|ramp_down=0.03234294,A4403,4403,,3,2,11,2.280632257461548,2,validation,138,0,3435190084
535259,surface=3|x=0.02889974|y=-0.04500000|angle=-42.67819214|force=0.66618717|ramp_up=0.02843726|hold=0.11819650|ramp_down=0.02766888,A4181,4181,,3,2,11,2.1789474487304688,2,validation,139,1,3435190084
536652,surface=3|x=0.04192639|y=-0.04500000|angle=-41.25337601|force=0.80755645|ramp_up=0.05678018|hold=0.11132343|ramp_down=0.03371534,A4192,4192,,3,2,11,2.294001340866089,2,validation,140,2,3435190084
546198,surface=3|x=0.02137313|y=-0.04500000|angle=-20.46276474|force=0.51091284|ramp_up=0.04050515|hold=0.07897174|ramp_down=0.03682355,A4267,4267,,3,2,11,2.5524635314941406,3,validation,141,0,1758725110
539482,surface=3|x=0.03579113|y=-0.04500000|angle=-13.25403690|force=0.66618997|ramp_up=0.02568133|hold=0.11747216|ramp_down=0.02460495,A4214,4214,,3,2,11,2.7175755500793457,3,validation,142,1,1758725110
573381,surface=3|x=0.02440626|y=-0.04500000|angle=21.28051949|force=0.84849972|ramp_up=0.05084465|hold=0.13649894|ramp_down=0.03230300,A4479,4479,,3,2,11,2.804288625717163,3,validation,143,2,1758725110
